{
  "src": [
    "./assets/sounds/SOUND_FILE.mp3",
    "./assets/sounds/SOUND_FILE.ogg"
  ],
  "sprite": {
    "fail": [
      0,
      2150.0226757369614
    ],
    "success": [
      3500,
      4437.482993197279
    ],
    "btn_click": [
      9000,
      221.47392290249357
    ],
    "relax_loop": [
      10500,
      8273.764172335603,
      true
    ],
    "grass_step": [
      20000,
      835.9183673469381
    ],
    "regular_step": [
      21500,
      604.1496598639462
    ],
    "water_step": [
      23000,
      770.6349206349223
    ]
  }
}